id,first_name,last_name,email,gender,ip_address
1,Field,Whitebread,fwhitebread0@dyndns.org,Genderfluid,6.184.17.191
2,Therine,Enright,tenright1@wikimedia.org,Bigender,17.100.81.99
3,Pepi,Jersch,pjersch2@skype.com,Genderfluid,111.113.104.229
4,Idell,Dunbleton,idunbleton3@yellowpages.com,Genderqueer,222.194.185.201
5,Nathanial,Cordrey,ncordrey4@engadget.com,Genderfluid,82.92.27.222
6,Dona,George,dgeorge5@4shared.com,Agender,116.193.70.10
7,Gustavus,Underhill,gunderhill6@homestead.com,Agender,113.202.208.237
8,Davey,Cappel,dcappel7@cnbc.com,Bigender,214.138.116.111
9,Geneva,Garci,ggarci8@privacy.gov.au,Non-binary,179.189.191.18
10,Rourke,Arton,rarton9@yellowbook.com,Bigender,184.151.153.117
11,Zulema,Oldaker,zoldakera@eepurl.com,Non-binary,196.134.153.7
12,Becki,Grutchfield,bgrutchfieldb@google.fr,Genderfluid,63.74.99.166
13,Constancia,Lindenbaum,clindenbaumc@altervista.org,Agender,248.225.115.71
14,Koral,Esslement,kesslementd@elpais.com,Male,243.63.43.215
15,Perry,Chadney,pchadneye@plala.or.jp,Male,102.1.76.52
16,Nehemiah,Kuhlen,nkuhlenf@infoseek.co.jp,Genderfluid,153.123.11.18
17,Eula,Slocom,eslocomg@economist.com,Genderfluid,173.114.68.40
18,Ethelbert,Sidaway,esidawayh@goo.ne.jp,Genderfluid,174.79.91.174
19,Glynn,Woolbrook,gwoolbrooki@domainmarket.com,Genderfluid,159.201.4.79
20,Kitti,Blakey,kblakeyj@joomla.org,Genderqueer,11.217.149.221
21,Loreen,Carren,lcarrenk@ucoz.ru,Genderfluid,28.228.63.166
22,Izabel,Huston,ihustonl@thetimes.co.uk,Bigender,38.89.254.142
23,Jerald,Maylour,jmaylourm@freewebs.com,Polygender,237.60.236.15
24,Jamie,Sammons,jsammonsn@wordpress.org,Polygender,63.117.105.68
25,Marge,Matschuk,mmatschuko@alibaba.com,Genderfluid,81.34.0.108
26,Yehudi,Luckin,yluckinp@upenn.edu,Male,180.49.211.199
27,Rutger,Oleksinski,roleksinskiq@lycos.com,Agender,209.205.166.47
28,Rubin,Santorini,rsantorinir@photobucket.com,Genderfluid,237.106.182.224
29,Josy,Risely,jriselys@businessweek.com,Agender,12.62.48.115
30,Godfree,Harrap,gharrapt@dailymail.co.uk,Male,159.158.246.86
31,Ramon,Matthewes,rmatthewesu@oracle.com,Non-binary,98.29.28.234
32,Jemima,Jowle,jjowlev@twitter.com,Male,69.54.182.62
33,Felicio,Brychan,fbrychanw@hc360.com,Bigender,168.195.54.27
34,Vania,Sealeaf,vsealeafx@bloomberg.com,Polygender,47.90.201.98
35,Heriberto,Hanbury,hhanburyy@tuttocitta.it,Genderqueer,252.24.108.66
36,Kelley,Hedgeman,khedgemanz@vimeo.com,Agender,56.238.188.117
37,Anallise,Larkings,alarkings10@cnet.com,Female,224.141.85.46
38,Gabriella,Bellelli,gbellelli11@blogs.com,Male,22.78.174.246
39,Tate,De Miranda,tdemiranda12@sbwire.com,Genderfluid,72.153.130.32
40,Mei,Wickens,mwickens13@e-recht24.de,Non-binary,145.21.250.77
41,Kennie,Standbrook,kstandbrook14@prnewswire.com,Genderqueer,144.38.28.68
42,Rosa,Wansbury,rwansbury15@army.mil,Genderfluid,4.255.24.56
43,Ariella,Lear,alear16@merriam-webster.com,Non-binary,5.233.34.62
44,Saunderson,Sharphouse,ssharphouse17@goo.gl,Agender,72.176.29.43
45,Shelby,Habberjam,shabberjam18@angelfire.com,Female,137.23.10.160
46,Ernaline,Gabala,egabala19@quantcast.com,Female,222.195.87.180
47,Avril,Shelmardine,ashelmardine1a@360.cn,Non-binary,1.135.214.192
48,Xerxes,Caudle,xcaudle1b@yale.edu,Female,28.33.89.189
49,Dorice,Goodlake,dgoodlake1c@slashdot.org,Male,233.196.16.205
50,Baron,Burness,bburness1d@discovery.com,Genderfluid,156.228.205.171
